username;first_name;last_name;email;password
test501;Test1;Crocodile501;test501.crocodile@test.com;test123
test502;Test2;Crocodile502;test502.crocodile@test.com;test123
test503;Test3;Crocodile503;test503.crocodile@test.com;test123
test504;Test4;Crocodile504;test504.crocodile@test.com;test123
test505;Test5;Crocodile505;test505.crocodile@test.com;test123
test506;Test6;Crocodile506;test506.crocodile@test.com;test123
test507;Test7;Crocodile507;test507.crocodile@test.com;test123
test508;Test8;Crocodile508;test508.crocodile@test.com;test123
test509;Test9;Crocodile509;test509.crocodile@test.com;test123
test510;Test510;Crocodile510;test510.crocodile@test.com;test123